Utterance,Emotion,Sentiment,Dominance
Why do all you’re coffee mugs have numbers on the bottom?,surprise,positive,-0.0655454545454545
"Oh. That’s so Monica can keep track. That way if one on them is missing, she can be like, ‘Where’s number 27?!’",anger,negative,-0.0404545454545454
Y'know what?,neutral,neutral,0.0
"Push 'em out, push 'em out, way out!",joy,positive,-0.008
"Let's get that ball and really move, hey, hey, ho, ho.",joy,positive,-0.0572727272727272
Okay.,neutral,neutral,-0.234
"Okay, go left. Left! Left!",surprise,negative,-0.236
"Okay, y'know what? There is no more left, left!",anger,negative,-0.0037777777777777
You can do it!,joy,positive,-0.005
You got it?,neutral,neutral,0.0
"No wait, look. Look! I'm sorry, it's just I've never even",fear,negative,-0.0361818181818181
Howard's the,neutral,neutral,0.0
"Ugh, can you believe that guy!",disgust,negative,-0.0106666666666666
Yeah. I really like his glasses.,neutral,neutral,-0.095
Ohh!,surprise,positive,-0.25
What?,neutral,neutral,0.0
"Oh no wait, oh no, the elastic on my underwear busted.",neutral,neutral,-0.1096363636363636
"Oh wait, Joey, you can’t go like that! You stink!",disgust,negative,-0.1331999999999999
"Look, I know I feel asleep before I could shower and now I don’t have time!",anger,negative,-0.0074999999999999
"They’re just ten blocks away, if I run, I can make it.",neutral,neutral,-0.0168333333333333
Hi.,neutral,neutral,0.0
"No, please.",neutral,neutral,-0.071
I talk in my sleep.,neutral,neutral,-0.0187999999999999
"What a coincidence, I listen in my sleep.",neutral,neutral,-0.0445
So why don’t you give me your number?,neutral,neutral,-0.0106249999999999
Oh?!,surprise,negative,0.0
"Yeah, but without the costumes.",neutral,neutral,-0.1748
Oh.,neutral,neutral,0.0
"Yeah, it’s two guys in a ring, and the rules are: “They’re",neutral,neutral,-0.009
"So you can like, bite, and pull people’s hair and stuff?",surprise,negative,-0.1032727272727272
"Yeah, anything goes, except ah, eye gouging and fish hooking.",neutral,neutral,-0.0703999999999999
What’s fish hooking?,surprise,negative,-0.1666666666666666
"Huh, what’s fish hooking...   Thanks man, that would have been really hard to describe. What is that taste?",neutral,neutral,-0.0349999999999999
"What? My hands are totally clean, I just gave the duck a bath.",neutral,neutral,-0.0158461538461538
Bumpy?,surprise,negative,-0.162
And uh maybe you have to get used to it.,neutral,neutral,-0.0312999999999999
"Oh well, it’s not so bad.",neutral,neutral,-0.0176666666666666
Oh!,surprise,negative,0.0
Excuse me?,surprise,positive,-0.182
"Oh, it’s bad. It’s really bad. The only thing in there that isn’t burned is an ass. Which I do",sadness,negative,-0.05455
Everything’s ruined. My bed. My clothes. Look at my favorite blue sweater.,sadness,negative,-0.1121666666666666
Fine! I’m sorry for your loss!,anger,negative,-0.0931666666666666
So I’m gonna go through the hotel and see if there’s any other weddings going on.,neutral,neutral,-0.04375
Okay. Oh but don’t tell them Monica’s pregnant because they frown on that.,neutral,neutral,-0.0249230769230769
"I mean, enough of the silliness!",anger,negative,-0.107
"Well, why don’t you tell her to stop being silly!",anger,negative,-0.0922
Okay-okay!,anger,negative,0.0
That is so silly.,joy,positive,-0.1575
"Well, we are fond of the silliness, but we also have a soft spot for the love.",neutral,neutral,-3.2653618371328133e-18
Why do you do it?,neutral,neutral,-0.0283999999999999
"Yeah, I do.",neutral,neutral,-0.0166666666666666
"But I don't. Me, Phoebe.",neutral,neutral,-0.0571999999999999
"You're not? See, that's why you're so great!",surprise,positive,-0.0052499999999999
"Y'know, this kind of co-dependant, emotionally stunted, sitting in your stupid coffee house with your stupid big cups which, I'm sorry, might as well have nipples on them, and you're like all 'Oh, define me!",anger,negative,-0.0115142857142857
"Love me, I need love!",anger,negative,-0.0263999999999999
Have you really done this before?,surprise,positive,-0.009
Yeah!,joy,positive,-0.122
"Now, don’t hold back.",neutral,neutral,-0.142
Hey!,joy,positive,-0.276
Hey-hey-hey!,joy,positive,0.0
What are you doing?,neutral,neutral,0.0
Oh yeah? Well maybe you and I should take a walk through a bad neighborhood.,joy,positive,-0.0402
Okay!,joy,positive,-0.234
Bye!,neutral,neutral,-0.358
"Hey, Joey, could you pass the cheese?",neutral,neutral,-0.1874285714285714
"Yeah, people get pretty generous around the holidays. And it never hurts to wear tight trousers.",neutral,neutral,-0.0543125
Could the waiters gather around to hear tonight’s specials?,neutral,neutral,-0.0362222222222222
"Okay, first there is a Chilean Sea Bass prepared with a Mango relish on a bag—Why is nobody writing these down?",neutral,neutral,-0.0086666666666666
Hey. When you guys were kids and you played,neutral,neutral,-0.0342222222222222
I was always Joanne.,neutral,neutral,0.0
"Wait! Wait! I wanna see this. After I divorce him, half of that kingdom is gonna be mine.",joy,positive,-0.0649444444444444
What a wank!,anger,negative,-0.1526666666666666
"Oh, I cannot believe he’s using our divorce to sell mattresses.",anger,negative,-0.0125454545454545
"You had to do it, didn’t you? You couldn’t just leave it alone.",sadness,negative,-0.0293846153846153
Four percent. Okay. I tip more than that when there’s a bug in my food.,disgust,negative,-0.0334666666666666
"Ross, tonight was about the two of you getting along.  Oh, would you just see my chiropractor, already.",anger,negative,-0.0165263157894736
"Hey Pheebs, what are you doing?",neutral,neutral,-0.046
"I’m, I’m freaking out!",fear,negative,0.0
Does Monica still turn on the lights in her bedroom?,neutral,neutral,-0.0557
Um. yeah.,neutral,neutral,-0.3705
I am,neutral,neutral,0.0
"So, I’ll invite him to brunch tomorrow and you can make nice.",neutral,neutral,-0.0060833333333333
Like me tiny doctor!’,anger,negative,-0.2145
"Rachel one brunch is not gonna solve anything. You gotta face it, okay we’re never gonna get along.",anger,negative,-0.0384444444444444
"Okay, okay, okay.  I’ll get the bagels.",neutral,neutral,-0.086
"Okay now Joey, y'know that since you're returning all of this stuff right after the audition you're gonna have to wear underwear?",neutral,neutral,-0.0233181818181818
"Okay, it's missing something. Ooh, I know! Umm, okay.",neutral,neutral,-0.136
Really? A purse?,surprise,positive,-0.1293333333333333
It's not a purse! It's a shoulder bag.,anger,negative,-0.1185
It looks like a women's purse.,neutral,neutral,-0.0443333333333333
"See look,",neutral,neutral,-0.073
Maybe you need sex.,neutral,neutral,-0.14975
No! No Joey! U-N-I-sex.,joy,positive,-0.0415
"no, um, I'm sorry, don't tell me, I don't think either answer would make me feel better.",sadness,negative,-0.0468823529411764
"Yeah, it did.",joy,positive,-0.0406666666666666
"Well, y'know, you and me, it had to end sometime.",sadness,negative,-0.0482
"Why, exactly?",surprise,negative,-0.0319999999999999
Chandler that's crazy!,surprise,positive,-0.15
You are so cute!,joy,positive,-0.022
No.,joy,positive,0.0
It's nothing to freak out about.,neutral,neutral,-0.0119999999999999
I'm afraid so.,neutral,neutral,-0.1763333333333333
Hi!,joy,positive,0.0
So you like the short hair better.,neutral,neutral,-0.0497142857142857
Can I tell you a little secret?,neutral,neutral,-0.1048571428571428
"Oh, I am, my side still hurts from when you crashed into me yesterday.",neutral,neutral,-0.1073571428571428
Ow!!,anger,negative,0.0
"Hey, you guys! Guess what?",joy,positive,-0.06
"Y'know what I didn’t wear this suit for a year because you hated it. Well, guess what? You’re not my girlfriend anymore so...",anger,negative,-0.0269565217391304
"Oh I see, so this suit is making a point.",neutral,neutral,-0.0502
"Now that you’re on you’re own, you’re free to look as stupid as you like.",anger,negative,-0.0073333333333333
Yeah. Oh! Was how you invented the cotton gin?!,neutral,neutral,-0.0344444444444444
"Okay, good bye!",anger,negative,-0.1746666666666666
Hey I got one! I got one!,joy,positive,-0.1137142857142857
Oh down please.  I-I hate to be a ball buster can I just do it?,joy,positive,-0.033875
Sure! I feel so bad for you. I broke my leg once too.,sadness,negative,-0.0216923076923076
Oh yeah? How’d yours happen?,neutral,neutral,-0.004
It’s kind of embarrassing.,neutral,neutral,-0.0785
Car accident.,sadness,negative,-0.164
"Oh, let me guess some idiot on a cell phone wasn’t paying attention?",neutral,neutral,-0.0783846153846153
"Yeah. Me.  Oh hey, that’s me.  Hey uh, I take it you’re just visiting someone.",neutral,neutral,-0.0284705882352941
"Uh-huh, yeah.",neutral,neutral,-0.061
Oh yeah! I-I would like that.,joy,positive,-0.0626666666666666
Wait! What?! No!! Elevator!! No!,anger,negative,-0.024
"Uh, you gotta press the button.",neutral,neutral,-0.0553333333333333
"Oh dude, don't worry about it, I found an unattended maid's car.    We're way ahead of the game.",neutral,neutral,-0.0663809523809523
What?,surprise,positive,0.0
There's something new in the bowl.,surprise,positive,-0.0199999999999999
"No, but I want...I want the pinecones!",joy,positive,-0.009
It's not the same.,neutral,neutral,-0.017
"Oh, my maple candy!",joy,positive,-0.1385
Ross's what?,surprise,positive,0.0
"Whoops.  Oh, hey, do you need help with that?",neutral,neutral,-0.0997999999999999
"Take it easy--if you want, there’s cookies on the counter, or, or--sangria!  I can make sangria!",joy,positive,-0.0030588235294117
"No-no, sorry. Cookies are good, thanks.",neutral,neutral,-0.1589999999999999
"Well, so, umm, anyway umm, I’ve been, I’ve been looking for my Father, and umm, have you heard from him, or seen him?",neutral,neutral,-0.017391304347826
"Oh no, I-I’m sorry, I guess we lost track of everybody after high school.",sadness,negative,-0.0387857142857142
"Oh, what? What was it?",surprise,positive,0.0
The three losers.,sadness,negative,-0.312
"Oh, poor Lily.",sadness,negative,-0.4476666666666666
Go back in time and listen to Phoebe!,anger,negative,-0.0415
Ok.,neutral,neutral,0.0
It worked!,surprise,positive,0.0
Oh  oh no just stopped to throw up a little bit.,sadness,negative,-0.0179166666666666
"Oh come on, what am I gonna do, its been hours and it  won’t stop crying.",sadness,negative,-0.0448235294117647
"Umm, she Rach, not it, she.",neutral,neutral,-0.0699999999999999
"Say it louder, I don’t think the guy all the way in the back heard you!",disgust,negative,-0.0035625
"Y’know, give him my flower.",neutral,neutral,-0.091
Behind my brother's back?  ... is exactly the kind of crazy thing you won't be hearing from me.,anger,negative,-0.0418947368421052
"So, I hear, you hate me!",anger,negative,-0.042
"I, ah, I never said hate, I was very careful about that.",neutral,neutral,-0.0314166666666666
A little birdie told me something about you wanting to rip your arm off and throw it at me.,anger,negative,-0.0287368421052631
But what does that gonna do...,anger,negative,-0.055
For Chandler!,anger,negative,-0.0249999999999999
I was wondering if you would consider coaching me for it?,neutral,neutral,-0.0253636363636363
You bet! What’s the part?,joy,positive,-0.0832
"Hi!  Hi!  Hi. Has umm, anyone seen Chandler?",neutral,neutral,-0.0646
"He-he was with me umm, we’re playing a little game, y’know? Hide and seek.",neutral,neutral,-0.141
Yeah baby!,joy,positive,-0.106
"Who, Josh?",surprise,negative,0.0
It’s Joshua.,anger,negative,0.0
"No, I don’t.",disgust,negative,0.0
Oh no!,surprise,negative,0.0
Wait!,surprise,negative,-0.472
Because we’re girls.,neutral,neutral,-0.1233333333333333
"Thank you, thanks.",joy,positive,-0.0086666666666666
"Yeah, I lost it.",sadness,negative,-0.1755
"Y’know, I’m not gonna play anymore,  would you, can you finish my set?",neutral,neutral,-0.0322857142857142
"After that? Yeah! No, I mean if I can help.",surprise,positive,-0.032
"Yeah, like I could",neutral,neutral,-0.138
"Okay, so you were trying to play bad this whole time.",surprise,positive,-0.0334545454545454
"Oh yeah, who’s playing?",neutral,neutral,-0.0305
Somebody seems to be missing being the hostess.,neutral,neutral,-0.03425
Whose is it?,neutral,neutral,-0.016
Diane Keaton.,neutral,neutral,0.0
Phoebe! Come on! Let’s go!  Come on!  Why aren’t you dressed yet?!,anger,negative,-0.0038571428571428
Really?!,surprise,positive,0.0
Thanks Mon!,joy,positive,-0.039
"Oh but Mon, if you touch my guitar again I’ll have to pound on you for a little bit.",anger,negative,-0.0565263157894736
"My best shoes, so good to me.",joy,positive,-0.0085714285714285
I wear them everyday.,joy,positive,-0.1295
"Down at the heel, holes in the toes.",joy,positive,-0.182
Don’t care what people say.,joy,positive,-0.0072
With them I’m one hot chicky.,joy,positive,-0.019
"Though late one night, not much light, I....",neutral,neutral,-0.09275
I stepped in something icky.,joy,positive,-0.052
"Sticky shoes, sticky shoes, always make me smile. Sticky shoes, sticky shoes, next time I’ll.... avoid the..... pillleeeee.",joy,positive,-0.2137777777777778
"""Can’t, its not there.""",neutral,neutral,0.0
Hey!,neutral,neutral,-0.276
"Oh yeah? Well, how’d she take it?",neutral,neutral,-0.0397142857142857
"Really well. Yeah. Surprisingly well. Yeah, she didn’t cry. She wasn’t angry or sad.",neutral,neutral,-0.0209999999999999
"Okay, if you need the vacuum, it’s in my closet on the left-hand side. Ah, the garbage bags are next to the refrigerator",neutral,neutral,-0.146695652173913
"Okay, okay, but Rachel’s gonna be here too, can’t I just ask her this stuff?",neutral,neutral,-0.0215333333333333
"Yeah, okay, give that a try!",neutral,neutral,-0.0406666666666666
Woo-hoo!!,joy,positive,-0.098
"Yeah, cheerie-o!",joy,positive,-0.061
London baby!,joy,positive,-0.045
"Uhh, 9.",neutral,neutral,0.0
But it's dark out.,neutral,neutral,-0.037
"Well that's because you always sleep to noon, silly! This is what 9 looks like.",neutral,neutral,-0.0404
I'm,neutral,neutral,0.0
"Yeah, I can say that I have a conference and you can say you have a chef thing.",neutral,neutral,-0.0074444444444444
"Ohh, I've always wanted to go to this culinary fair that they have in Jersey!",joy,positive,-0.002
"Okay, y'know your not though. Let's go.",neutral,neutral,-0.0675714285714285
Wait! What about Joey?,neutral,neutral,-0.118
I’m so sorry!,fear,negative,-0.1919999999999999
You didn’t bring,neutral,neutral,-0.0253333333333333
"To tape the game? You do this every time Ross, you’re",disgust,negative,-0.0196363636363636
"Oh, you’re switching apartments?",surprise,negative,-0.0285
"Yeah, you didn’t expect her to live there with a baby did you?",surprise,negative,-0.0081538461538461
Ezel!  Hey Gunther! You’re an ezel!,anger,negative,-0.0394285714285714
Damnit!,anger,negative,-0.068
Little village people.,neutral,neutral,-0.3006666666666666
"Oh, that is so sweet!",joy,positive,-0.0376
"Huh. Except, Phoebe’s not gonna be the one that gets to dress them.",neutral,neutral,-0.0473846153846153
Because she’s not gonna get to keep the babies.,sadness,negative,-0.0058888888888888
Wait a minute!,surprise,positive,-0.2533333333333333
"Unless, we give her all gifts she can use after she’s done being pregnant.",joy,positive,-0.0147857142857142
"Like-like umm, regular coffee, Tequila.",neutral,neutral,-0.1227999999999999
"Oh, and somebody can get those leather pants she’s always wanted!",joy,positive,-0.0627272727272727
"Fine, I’m mentally unstable.",anger,negative,-0.1119999999999999
What?!,surprise,negative,0.0
Crack isn’t even an intravenous drug!,anger,negative,-0.063
"Ross, please, I found the magazines!",sadness,negative,-0.0679999999999999
Phoebe just because I'm alone doesn’t mean I wanna walk around naked.,neutral,neutral,-0.0301666666666666
"I mean, you live alone, you don't walk around naked.",neutral,neutral,-0.082
Uh-huh! Why do you think it takes me so long to answer the door?,joy,positive,-0.0022857142857142
"Oh. Oh, it’s beautiful. I see it now.",joy,positive,-0.006
"No, I don’t see it!",anger,negative,-0.0752
"Come on! Come on! Here, okay-okay, you see this?  This tiny thing that looks like a peanut?",joy,positive,-0.0836111111111111
Yeah.,neutral,neutral,-0.122
"Yeah, that’s our baby.",joy,positive,-0.053
Let me tell you about this chick I scored with last night! Oh no wait a minute that was you!,joy,positive,-0.08195
"Hey, check me out, I’m a slut!",joy,positive,-0.0648571428571428
"Because you’re still seeing him and uh, he’s a good guy.",sadness,negative,-0.0032727272727272
Are you okay?,neutral,neutral,-0.078
"Oh yeah! Yeah! Don’t worry about me, I’ll be fine!",sadness,negative,-0.0308
"Whoa, I'm sorry. Excuse me. We had this cart.",anger,negative,-0.1107777777777777
"oh, oh, yeah, ok, thanks.",joy,positive,-0.04
"What, you can do it in the parking lot of a Taco Bell, but you    can't do it at a doctor's office?",anger,negative,-0.0175999999999999
"It was a ""Wendy's!!    """,anger,negative,0.0
"...and then Zana, just let one rip!!",surprise,positive,-0.0628571428571428
Hey.,neutral,neutral,-0.276
"So, you stole my joke, and you stole my money.",anger,negative,-0.0177999999999999
"Oh, what are you going to do, follow me down there?",anger,negative,-0.0181818181818181
Yeah!,anger,negative,-0.122
"Well, I’m not going to go now anyway .",neutral,neutral,-0.0044444444444444
Okay .,neutral,neutral,-0.117
"Ya see, it’s just, see I was a regular on a soap opera y’know?",neutral,neutral,-0.0334285714285714
Flexible hours.,neutral,neutral,-0.199
Maybe I could be a waiter. Could I use the phone?,neutral,neutral,-0.1544545454545454
"Okay uh, for now, temporarily, you can call me, Clint.",neutral,neutral,-0.039
"Okay, so what name am I cool enough to pull off?",surprise,negative,-0.0248181818181818
"Umm, Gene.",neutral,neutral,-0.21
It’s Clint. It’s Clint!,anger,negative,0.0
"See you later, Gene.",neutral,neutral,-0.1805
"Bye, Gene.",neutral,neutral,-0.179
It’s Clint!,anger,negative,0.0
"Oh, Larry.",neutral,neutral,0.0
"No, bribes.",neutral,neutral,-0.028
"Rach, I told you everything I knew last night!",anger,negative,-0.0931111111111111
I can't believe you would say that!,sadness,negative,-0.0534285714285714
Sorry. Monica and Chandler are making love.,neutral,neutral,-0.0619999999999999
"Ohh, I know one thing!",joy,positive,-0.1164
What?,joy,positive,0.0
"Excuse me, look, we've been here for over an hour, and a lot of people less sick than my friend have gone in.",anger,negative,-0.072
"I mean, that guy with the toe thing?",anger,negative,-0.07025
"Oh, c'mon Dora, don't be mad...",neutral,neutral,-0.174
"Y'know, I feel like I've lost her..  Ba-!",joy,positive,-0.0551111111111111
Thanx.,neutral,neutral,0.0
No ... the leather sticks to my ass.,disgust,negative,-0.06925
Huh?,anger,negative,-0.482
"Hey! Guys, this is Tabatha .  I'll see you tomorrow.",neutral,neutral,-0.118
"Oh that’s great! Okay, well I’ve heard everything I need to hear. I just need to uh, Leslie",surprise,positive,-0.0213333333333333
"Joey, this is the awkward part.",joy,positive,-0.086
Oh!,surprise,positive,0.0
Not a problem.,neutral,neutral,-0.0566666666666666
You need to y’know make sure I don’t have any horrible scars or tattoos.,neutral,neutral,-0.0162857142857142
Don’t you worry. I have nothing to hide.,neutral,neutral,-0.1055
"So there you go, that’s me.",neutral,neutral,-0.0186666666666666
One hundred percent natural!,joy,positive,-0.17875
"I tell ya, that has never happened before.",fear,negative,-0.0825
Okay wait!,anger,negative,-0.353
You listen to me!,anger,negative,-0.0275
"Since I have been waiting four women, that’s four, one higher than the number of centimeters that I am dilated, have come and gone with their babies!",anger,negative,-0.056074074074074
I’m next!,anger,negative,-0.054
It’s my turn!,anger,negative,-0.0119999999999999
And if you bring in one woman and she has her baby before me I’m going to sue you!,anger,negative,-0.0162105263157894
Uh Rach,neutral,neutral,0.0
Go get back on that case honey!,anger,negative,-0.0211428571428571
I don’t think the next patient is very far along.,neutral,neutral,-0.0303
"Okay, well then bring her in.",neutral,neutral,-0.035
OH….MY….GAWD!!!,surprise,positive,0.0
Whoa!  I kinda liked it.,joy,positive,-0.0763333333333333
"Okay, I know what I have to do. I’ve got to go Red Ross.  Y’know, Red Ross!",anger,negative,-0.0095555555555555
Y'know you guys were a lot more supportive when I wanted to make denim furniture.,joy,positive,-0.0004
"Yeah, honey, maybe you can talk to somebody who’s had a baby. Like your mom?",neutral,neutral,-0.0236
"Umm, thank you for meeting with me.",neutral,neutral,-0.0142857142857142
"Come, sit.",neutral,neutral,-0.074
Sit.,neutral,neutral,-0.264
Sit!,anger,negative,-0.264
Hi!,neutral,neutral,0.0
And Joey....,neutral,neutral,0.0
And Ross.,neutral,neutral,0.0
"So, um... where did Paolo come from?",neutral,neutral,-0.0718571428571428
"Well, the cat... the cat turned out to be Paolo's cat!",neutral,neutral,-0.0325454545454545
Ah! Well! There you go! Last to know again! And I'm guessing... since nobody told me... this is Paolo.,joy,positive,-0.0228421052631579
That cup is mine!,anger,negative,-0.0835
Why?,sadness,negative,-0.286
"You really, really need to get some sleep, honey.",neutral,neutral,-0.0586666666666666
Guess what?,neutral,neutral,-0.058
They published my paper.,joy,positive,-0.0684999999999999
"Oh, really, let me see, let me see.",joy,positive,-0.1905
I told you not to go down there!,anger,negative,-0.07725
Rachel always cries!,anger,negative,-0.2223333333333333
"Now Joey, you go down there and you suck up to him. I mean you suck like you’ve never sucked before!",neutral,neutral,-0.0425238095238095
Go!!,anger,negative,-0.112
"Yeah, I ended up in the storage room, and not alone.",neutral,neutral,-0.0105454545454545
Woooo hoooo!!!,joy,positive,0.0
"Ow, no ‘woo-hooing,’ no ‘woo-hooing.’",anger,negative,0.0
"Why, what happened?",surprise,negative,-0.0953333333333333
"Ah, I fooled around with Joey’s sister.  Well, that’s not the worst part.",sadness,negative,-0.0775714285714285
What is the worse part?,neutral,neutral,-0.1564
What’s wrong with you?,anger,negative,-0.01
Nothing!,anger,negative,0.0
"But um, I don’t think it’s anything serious.",neutral,neutral,-0.018125
No way!,anger,negative,-0.08
Damn you 15s!,anger,negative,-0.046
It’s a trifle.,neutral,neutral,-0.186
"First there’s a layer of ladyfingers, then a layer of jam, then custard, which I made from scratch.",neutral,neutral,-0.0649444444444444
"[Joey and Ross make impressed faces] Then raspberries, more ladyfingers, then beef sautéed with peas and onions, [Joey and Ross look like something’s wrong.]",neutral,neutral,-0.0245833333333333
"then a little more custard, and then bananas, and then I just put some whipped cream on top!",neutral,neutral,-0.0595555555555555
It tastes like feet!,disgust,negative,-0.1485
I like it.,joy,positive,-0.036
Are you kidding?,surprise,negative,-0.0286666666666666
Does anyone else think David Copperfield is cute?,neutral,neutral,-0.03325
Shhhh!,anger,negative,0.0
"Folks, has this ever happened to you.",neutral,neutral,-0.0194285714285714
"You go to the refrigerator to get a nice glass of milk,  and these darn cartons are so flingin'-flangin' hard to open.",neutral,neutral,-0.0308695652173913
"Noo way, Kevin.",joy,positive,-0.0533333333333333
"Keep in mind, he's never used this product before, you're gonna see how easy this is to do.",neutral,neutral,-0.0048888888888888
This works with any milk carton.,neutral,neutral,-0.0916666666666666
"Wow, it is easy.  Now, I can have milk everyday.",surprise,positive,-0.0261818181818181
Good day for married people huh?,surprise,negative,-0.065
I can't wait to be with you!,joy,positive,-0.1314285714285714
I'll just tell Rachel I'm gonna be doing laundry for a couple of hours.,neutral,neutral,-0.0394999999999999
Laundry. Huh. Is that my new nickname?,joy,positive,-0.1414285714285714
Arghh!!,disgust,negative,-0.206
Oh I’m so sorry man! Is there anything I can do?,sadness,negative,-0.0498181818181818
Yeah?,neutral,neutral,-0.122
"Oh, Chandler, Wayne.",neutral,neutral,-0.0306666666666666
"Wayne, Chandler.",neutral,neutral,-0.046
What do you need?,neutral,neutral,-0.132
What?,surprise,negative,0.0
"See ya Phoebe! Oh and hey, thanks for chipping in!",joy,positive,-0.0982
You chipped in?!,surprise,positive,-0.0926666666666666
"Yeah, but they didn't ask me!",anger,negative,-0.034
Y'know?,neutral,neutral,0.0
"Yeah, but you're making me look bad!",anger,negative,-0.0208571428571428
No I'm not.,neutral,neutral,0.0
No!,surprise,positive,0.0
They'll see you talking to me and that's--I'm a hit!,joy,positive,-0.0351999999999999
"Oh hey, Pheebs!",joy,positive,-0.092
"Oh hey, Ross.",neutral,neutral,-0.092
"Umm, see, I was thinking maybe you two could switch apartments because Phoebe's more our kind of people.",fear,negative,-0.0377222222222222
"Yeah, okay, my bad.",joy,positive,-0.1525
Here. I need to borrow some moisturizer.,neutral,neutral,-0.1601428571428571
"C'mon, we're roommates!  My eyes!! My eyes!!",disgust,negative,-0.08375
"Oh, that would be Monica.",neutral,neutral,-0.0075999999999999
"Hey, listen, I wanna borrow a coupla things, Aurora spent the night, I really wanna make her breakfast.",neutral,neutral,-0.1033333333333333
"Oh, you got the whole night, huh?",surprise,positive,-0.0757142857142857
"Yeah, well, I only have twenty minutes until Ethan, so, y'know..",neutral,neutral,-0.0382727272727272
"Ooh, do I sense a little bit of resentment?",surprise,negative,-0.146
'Kay?,neutral,neutral,0.0
"Well, every- single- second is like that with Aurora.. and I've just wasted about thirty-five of them talking to you people, so, uh.. Monica, can you help me with the door?",neutral,neutral,-0.0357419354838709
"Oh, um, Chandler?",neutral,neutral,-0.237
"Y'know, the-the old Monica would-would remind you to scrub that Teflon pan with a plastic brush...But I'm not gonna do that.",neutral,neutral,-0.0304761904761904
"Hey Monica, it's Joey!",joy,positive,-0.069
"Aw, come on! It'll be years before I forget you!",neutral,neutral,-0.0525999999999999
"Joey, what's it like on a movie set, huh?",neutral,neutral,-0.0368888888888888
Do you have a chair with your name on it?,neutral,neutral,-0.0045
Uh-oh!,fear,negative,-0.432
"I gotta go Monica, my uh, my sushi's here!",neutral,neutral,-0.0201111111111111
Sorry about that. Thanks for waitin'.,neutral,neutral,-0.1019999999999999
Pants and a sweater?,anger,negative,-0.186
"Why, mom?",anger,negative,-0.0039999999999999
Who am I gonna meet in a blackout?,anger,negative,-0.0269999999999999
Could we talk about this later?,anger,negative,-0.0105
OK.,neutral,neutral,0.0
Can I borrow the phone? I want to call my apartment and check on my grandma.  What's my number?,neutral,neutral,-0.0018
"Well, I never call",neutral,neutral,-0.0175
What ‘cha doing?,neutral,neutral,0.0
What about the chick?,neutral,neutral,-0.0565
Chicks don’t swim.,neutral,neutral,-0.1473333333333333
"See, I told you they don’t swim.",neutral,neutral,-0.0502857142857142
Wait. Give him a minute.,neutral,neutral,-0.1446
"Noo!  Oh, it’s okay, it’s okay, baby, baby, baby.",fear,negative,-0.0738
"Me taking care of you is no problem, huh?",neutral,neutral,-0.0671111111111111
"Okay, I’m gonna take that spit bubble as, ""Yeah, I do!""",neutral,neutral,-0.0965454545454545
"Okay, after I get rid of this dirty diaper Leslie, I’ll set you up with a clean one.",neutral,neutral,-0.0725555555555555
"Okay, I’m sorry.",sadness,negative,-0.2699999999999999
I didn’t mean to scare you.,sadness,negative,-0.0386666666666666
Okay?,neutral,neutral,-0.234
"‘Cause let’s face it, we’re at Monica’s.",neutral,neutral,-0.0134285714285714
I broke it.,sadness,negative,-0.0866666666666666
"Okay, good.",neutral,neutral,-0.083
Why are there only two of you?,fear,negative,-0.0564285714285714
Leslie?,neutral,neutral,0.0
Where are you Leslie?,fear,negative,0.0
"Leslie, now would be a",sadness,negative,-0.0011999999999999
"Hey, why are you mopping your ceiling?",sadness,negative,-0.0815714285714285
"Oh, there’s banana on it.",neutral,neutral,-0.0924
You said she was bald.,anger,negative,-0.0928
"Yeah, she was bald, she’s not now.",neutral,neutral,-0.0791428571428571
How could you not tell me that she has hair?,surprise,negative,-0.054
"Well I’m sorry, I thought you said it was okay.",sadness,negative,-0.0519999999999999
"Yeah, I said what was okay when I thought she was some weird bald chick. I mean, y'know, that girl has hair got",anger,negative,-0.056
"Why, does she have a bad personality?",neutral,neutral,-0.0145714285714285
"Do you have a minute? I’d like to talk to you about something I’m, I’m really uncomfortable talking about.",fear,negative,-0.0274736842105263
"Whoa, for like months?",surprise,positive,-0.1235
No!,surprise,negative,0.0
"Ow! My ass. Okay. Okay.  Oh, shhh!",anger,negative,-0.0585
No! No!! It’s me! It’s me! I-I didn’t want to make any noise!,fear,negative,-0.0052307692307692
Then don't break in!!,anger,negative,-0.1485
"Oh yeah, Smokey Joe here got half way to the highway and collapsed.",anger,negative,-0.1251538461538461
Then why are you smoking?,disgust,negative,-0.1132
"Honey, I was wondering....",neutral,neutral,-0.07825
Hmm?,neutral,neutral,-0.276
"Nooo, I had to return it to the costume place.",sadness,negative,-0.053
Hmm.,neutral,neutral,-0.276
Yeah.,sadness,negative,-0.122
No.,neutral,neutral,0.0
Ugh!,disgust,negative,-0.428
"I mean if you buy a bed from Janice’s ex-husband, that’s like betraying Chandler.",anger,negative,-0.0058571428571428
Hi. Y'know in England this car would be on the other side of the store.  Woo!,joy,positive,-0.0588235294117647
"Aw, all right take this bed, you can make other friends.",joy,positive,-0.017
"Good for you.  Uh, quarters or rolls of quarters?",joy,positive,-0.0626
That's OK.,neutral,neutral,0.0
"Because you know, you could make little puppets out of them, and you could use them in your theater of cruelty.",anger,negative,-0.051095238095238
We can't do that.,neutral,neutral,-0.01675
What? What can't you do?,surprise,negative,-0.0968
She really said that?,surprise,positive,0.0
"Well, I added the 'exactly like me' part...",neutral,neutral,0.0
"But she said she's looking for someone, and someone is gonna be there tonight.",neutral,neutral,-0.0032857142857142
'Tonight' tonight?,surprise,positive,-0.034
I can't remember the last time I got a girl to take care of my monkey.,sadness,negative,-0.098375
"Hey, y'know what you should do? You should take her back to the 1890's, when that phrase was last used.",disgust,negative,-0.052
"O-kay. Look, it, it was stupid.",sadness,negative,-0.1006666666666666
Really stupid.,anger,negative,-0.3
Really stupid.,sadness,negative,-0.3
Yeah. No. No...,anger,negative,-0.0406666666666666
"Ah, the forbidden love of a man and his door.",neutral,neutral,-0.0174
You're kidding.,surprise,negative,-0.043
That’s not your regular dry cleaners.,neutral,neutral,-0.0421666666666666
A new grocery store.,neutral,neutral,-0.0325
Are you kidding? This is where they get out stains! Okay? This is like,joy,positive,-0.0335714285714285
"Oh, excuse me! I think you dropped s… Wow!",surprise,positive,-0.0645555555555555
"Oh yeah well, I’m sorry about that too, but what are you going to do?",neutral,neutral,-0.0318666666666666
A little.   Now you’re talking.,neutral,neutral,-0.0774285714285714
Would you like to go out and have a cup of coffee?,neutral,neutral,-0.0916666666666666
"Ooh, an ink stain! Hey, can I watch how you get this out?",joy,positive,-0.0892307692307692
She must’ve left.,neutral,neutral,-0.0926666666666666
Four hours? You guys have been doing this for four hours?,surprise,negative,-0.0730909090909091
No-no! Don't do it! Don't!,fear,negative,-0.0999999999999999
I'm not a dropper!,anger,negative,-0.132
"It's really a uh-uh three person game, y'know?",neutral,neutral,-0.0084999999999999
"Whoa-whoa you guys, it's not a cat!",anger,negative,-0.024
"Baking it didn't help, huh?",neutral,neutral,-0.1319999999999999
"Whoa! Whoa! Whoa, Joey!",surprise,positive,-0.1875
"No-no-no-no-no-no-no-no… It’s okay, I mean I—look Rach, I know I scared you off with that whole Naked Thursday’s thing, but we don’t have to do that!",neutral,neutral,-0.0158461538461538
"Well, it would be easier to move just right across the hall. Wait a minute, unless you’re thinking about Naked Wednesday’s.",neutral,neutral,-0.0267142857142857
"So that’s two boxes of the Holiday Macaroons. On behalf of the Brown Birds of America, I salute you.",joy,positive,-0.038
"Excuse me little one, I have a very solid backhand.",anger,negative,-0.0598
Shielding your face and shrieking like a girl... is not a backhand.,disgust,negative,-0.0095833333333333
"Good luck, and uh, take care, huh?",sadness,negative,-0.0405714285714285
It isn't.,neutral,neutral,0.0
Isn't!,anger,negative,0.0
"Okay ladies, that ends today’s class, and let’s remember, let’s be safe out there.",neutral,neutral,-0.0280714285714285
Thanks.,neutral,neutral,-0.078
"Yeah, yeah, I was watching.",neutral,neutral,-0.0487999999999999
"Umm, hey, a couple of questions though.",neutral,neutral,-0.0815714285714285
"Umm, about that-that-that last move where the woman tripped you and then pinned you to the floor, what-what-what-what would you do next?",fear,negative,-0.1058181818181818
"Well, she would take her keys and try to jam them",neutral,neutral,-0.0469090909090909
No. No-no. No. What would,anger,negative,-0.0291999999999999
Who? Me the attacker?,surprise,negative,-0.08
"I’m sorry Chandler, y’know you are such a sweet guy and I, I don’t want to hurt you.",sadness,negative,-0.0574444444444444
No-no—Really?!,surprise,positive,0.0
"Ohh, I’m sorry.",sadness,negative,-0.2753333333333333
Well maybe there is one thing you can do.,neutral,neutral,-0.1078888888888889
What?! Anything! Anything!,joy,positive,0.0
I did.  But it came at a price.,neutral,neutral,-0.0119999999999999
With a mahogany sleigh bed and bedside tables with flowers on them all the time!,joy,positive,-0.0739333333333333
And we could have a roll top desk with comment cards on them so people could say how much they loved staying here!!,joy,positive,-0.0296521739130434
"Okay, whatever, I really haven’t thought about it that much.",neutral,neutral,-0.03
"I was thinking maybe-maybe-maybe it could be a game room, y’know?",neutral,neutral,-0.0134545454545454
No.,disgust,negative,0.0
"So, that’s it?",surprise,negative,0.0
Which is why,neutral,neutral,-0.0793333333333333
Are you mocking me?,anger,negative,-0.053
"Aww, me too. Now let's finish this and go to bed.",joy,positive,-0.0892727272727272
"Okay! There's only one left, three letter word, not dog but",neutral,neutral,-0.1339090909090909
Cat.,neutral,neutral,-0.26
Why?,surprise,negative,-0.286
That's,neutral,neutral,0.0
"Hey. Okay, I gave him another chance, but Tim has",neutral,neutral,-0.0423
But,neutral,neutral,0.0
"Okay. Okay, but you can’t fire him today.",neutral,neutral,-0.054625
Why not?!,anger,negative,-0.143
Because I’m dumping him today.,neutral,neutral,-0.0478
"Okay well then, I’ll fire him today and you go out with him for another week.",neutral,neutral,-0.027125
"Are you kidding?! Another week with that sip, I’ll kill",disgust,negative,-0.0486
Okay. But the question is who’s gonna go first. ‘Cause whoever goes second is the bitch.,sadness,negative,-0.054125
"Well, I-I guess I gotta go.",sadness,negative,-0.0133333333333333
"Oh, my Bing-a-ling. I’ll wait for you. Do you even know how long you’re going to be gone?",sadness,negative,-0.0044444444444444
"Okay, good-bye. Good-bye.",sadness,negative,-0.3073333333333333
Chandler?,neutral,neutral,-0.092
No!,anger,negative,0.0
Chandler!,surprise,positive,-0.092
Janice!,surprise,positive,0.0
There you are!,surprise,positive,0.0
"I had to have one last kiss, and also-also you said that you were going to leave right after I got on the plane!",sadness,negative,-0.0252499999999999
No! No! I wanna see you take-off.,neutral,neutral,-0.0177142857142857
Hello?,neutral,neutral,-0.034
Oh hey!,surprise,positive,-0.138
"Can you, can you hang on a second?",neutral,neutral,-0.092
can you excuse me for a minute?,neutral,neutral,-0.1002857142857142
Canceled?!,surprise,negative,0.0
Like they’re taking it off the air?,surprise,negative,-0.0521428571428571
Ohh.,neutral,neutral,-0.25
We’re not even shootin’ them anymore?!!,surprise,negative,-0.0343333333333333
They canceled Mac and C.H.E.E.S.E!,anger,negative,-0.0876
Sorry.,sadness,negative,-0.576
I’m sorry Joey.,sadness,negative,-0.1919999999999999
I feel like we’re the only two people in the world.  Oops. Sorry.,joy,positive,-0.0548571428571428
What’s the matter honey? Did you see a little mouse?,neutral,neutral,-0.1394
Okay. I’ll be right back.,neutral,neutral,-0.0068
Okay.  What?! What are you doing here?!,surprise,negative,-0.011375
What are,neutral,neutral,0.0
I came with Paul!,anger,negative,-0.0445
"Yeah, I recognize the ankles!",neutral,neutral,-0.0908
Ahh. Thank you!,joy,positive,-0.108
Diet Coke,neutral,neutral,-0.205
"Ohh,",neutral,neutral,-0.25
"Perhaps. Now I’m curious, at what point during those girlish screams would you have begun to",neutral,neutral,-0.0440625
I’m leaning. This is where I lean.,neutral,neutral,-0.0531428571428571
Okay. (Goes over and fluffs up the pillows on the couch.,neutral,neutral,-0.0506363636363636
Brenda a bee!,fear,negative,-0.1273333333333333
"No, no, no. What was that?",surprise,negative,0.0
"People, people, people.",neutral,neutral,0.0
"Let's try it again, and this time let's watch everybody watch Joey.",neutral,neutral,-0.0571666666666666
Count it off.,neutral,neutral,-0.0423333333333333
"Hey, did I do these neat enough?",neutral,neutral,-0.0697142857142857
Yeah?,joy,positive,-0.122
"If anyone asks, we’ll just say Ben addressed them.  Oh! So you invited Rachel then?",surprise,positive,-0.0016874999999999
Really?,surprise,positive,0.0
"Huh? Yeah, fine, invite whoever you want.",neutral,neutral,-0.0305714285714285
Oh.,joy,positive,0.0
I don’t see the baby. Where is it?,neutral,neutral,-0.05225
Could you help me with something?,neutral,neutral,-0.067
The patient I’m looking for has a broken leg and is in a wheelchair.,neutral,neutral,-0.1091428571428571
"And umm, he’s like early to mid-thirties, very attractive.",neutral,neutral,-0.0112222222222222
"Uh, she’s with me.  Dr. Drake Remoray.",neutral,neutral,-0.012
Dr. Drake who?,neutral,neutral,-0.032
Hands.,neutral,neutral,-0.132
Hands!,neutral,neutral,-0.132
"He’s a patient of mine, I’ve been treating him for years!",neutral,neutral,-0.0062727272727272
He’s in room 816.,neutral,neutral,-0.0275
And what is his name?,neutral,neutral,-0.0244
Awww.,joy,positive,-0.214
"Okay, I’ll see you in our room.",neutral,neutral,-0.1028571428571428
"Okay, I gotta go.",neutral,neutral,-0.0865
Whoa! What?! Why?!,surprise,negative,-0.1786666666666666
"I can’t-I can’t stay here all night, and if I go in there she’s-she’s gonna wanna... do stuff.",fear,negative,-0.011
What happened?,surprise,negative,0.0
"He’s not gonna make it, he’s stuck in Chicago.",sadness,negative,-0.0604444444444444
"Stupid, useless Canadian money!",anger,negative,-0.1392499999999999
"Oh it’s umm, it’s tofu cake. Do you want some?",neutral,neutral,-0.1012
What are you doing tonight?,neutral,neutral,-0.0068
Huh? Uh,neutral,neutral,-0.241
"Oh!  Sorry. Uh, I’ve got those plans with Phoebe, why?",neutral,neutral,-0.0359999999999999
"Oh really? Uh, Monica said she had a date at 9:00.",surprise,negative,-0.0181818181818181
What?! Tonight?!,surprise,negative,-0.017
That’s what Monica said.,neutral,neutral,0.0
"Okay, is this lamp in the same place?",neutral,neutral,-0.105
Who cares? I repel women.,disgust,negative,-0.0151999999999999
No-no-no-no-no-no-no-no!!! You can't come in here! R-r-r-r-Ross is naked.,surprise,negative,-0.0747777777777777
It’s yours!,neutral,neutral,0.0
"Yeah well, I’m-I’m a slut.",sadness,negative,-0.0712
Me too.,neutral,neutral,0.0
Hi Jill!,joy,positive,0.0
Hi .,neutral,neutral,0.0
Rachel.,neutral,neutral,0.0
"Okay. So well I’ll umm,  I’ll have her home by midnight.",neutral,neutral,-0.0116666666666666
"I'm sorry, man.",sadness,negative,-0.1919999999999999
"Y'know, like-like write a play.",neutral,neutral,-0.0431999999999999
Huh?,neutral,neutral,-0.482
"Wait a second, I could star in it!",joy,positive,-0.14675
Or that.,neutral,neutral,0.0
I can't write!,anger,negative,-0.1626666666666666
I can't do it.,sadness,negative,-0.121
I'll help you.,neutral,neutral,-0.2266666666666666
"As bad as that went, I actually enjoyed myself. I think that I’m going to apologize for all of the stupid things I do.",neutral,neutral,-0.015625
Why don’t you just stop doing stupid things? Then you wouldn’t have to apologize.,neutral,neutral,-0.0521428571428571
I would really love it if I could do both.,neutral,neutral,-0.03
A hundred and forty-five pounds.,disgust,negative,-0.0603999999999999
"Yes, yes it is. It’s uh…  Every time on the lips! Why?! Why on lips?!",anger,negative,-0.0159999999999999
"Here’s Frannie. Hmm, won’t she be happy to see me?",joy,positive,-0.0154
Frannie was the one who found your,neutral,neutral,-0.003
That bitch!,anger,negative,-0.157
Monica! What,surprise,negative,0.0
Am I doing here? Why? Surprised to see me? Ross brought me. How do you like that?!,anger,negative,-0.0207647058823529
Why?!,surprise,negative,-0.286
What could I have possibly done?!,anger,negative,-0.0226666666666666
Stuart!,anger,negative,0.0
Hey ladies! What are you in here for?,neutral,neutral,-0.053
"Hey Chandler, what are you doing here?",surprise,positive,-0.0321428571428571
Yeah?,surprise,positive,-0.122
"Man to uh, me.",neutral,neutral,0.0
"Uh, are you crazy? Are you insane? If you live with Phoebe, you two are gonna be y'know, live-living together!",surprise,positive,-0.0158999999999999
You mean scared.,neutral,neutral,-0.13
"What do you mean, they’re not moving in? They-they’re still moving in right?",surprise,negative,-0.0166923076923076
What?! Over a stupid room!,surprise,negative,-0.0085999999999999
"Uh, it's 2:30 in the morning!",sadness,negative,-0.0186666666666666
"Come on, I'll only use my left hand, huh?",anger,negative,-0.1576666666666666
"I'm going,  and I'm gone.",neutral,neutral,-0.1033333333333333
Oh yeah!,joy,positive,-0.061
I’m sorry.,sadness,negative,-0.288
Ohhh. Don’t go.,sadness,negative,-0.1446666666666666
"No, I-I-I gotta go.",sadness,negative,-0.028
No. No! No! No!,sadness,negative,0.0
I don’t care!  I don’t care!!,anger,negative,0.0
"Yeah, um, I’m, I’m leaving now.",sadness,negative,-0.1611666666666666
You can’t leave! I have your shoe!,sadness,negative,-0.0555714285714285
Good-bye Chandler Bing.,sadness,negative,-0.2019999999999999
Rachel has those in burgendy.,neutral,neutral,0.0
"Oh, ew!",disgust,negative,0.0
"Um, can you roll your tongue?",neutral,neutral,-0.1906666666666666
"What, wait, you mean like this?",neutral,neutral,-0.0566666666666666
"Yeah, yeah. You can do it to.",surprise,positive,-0.0377142857142857
If you're afraid of bugs.....get a bug.,neutral,neutral,-0.1481428571428571
Hey!  Hey!,joy,positive,-0.184
Hi! Look! I got our pictures developed from Rockefeller Center.,joy,positive,-0.0098
Y’know she has a face Ross!,anger,negative,-0.0156666666666666
That is a good one!,joy,positive,-0.0288
"Wow, it looks like a, like a holiday card y’know, with the tree in the middle and the skaters and the snow.",joy,positive,-0.0161818181818181
"Y’know, every year I say I’m gonna send out holiday cards and I never do it.",neutral,neutral,-0.040125
Okay.,joy,positive,-0.234
Bye guys.,neutral,neutral,-0.133
"Okay, it’s not, it’s not.",neutral,neutral,-0.0468
"Let’s ah, let’s take a break,  let’s cool off, okay, let’s get some frozen yoghurt, or something..",neutral,neutral,-0.0304999999999999
Oh? Why not?,neutral,neutral,-0.0953333333333333
It’s the semi-finals…of her…botchy ball tournament.,neutral,neutral,-0.0239999999999999
"What’s going on Bing? Does uh, your wife have a problem with me or something?",anger,negative,-6.666666666667042e-05
"Oh no-no-no, Monica would freak.  But to hell with that bitch.",anger,negative,-0.0334999999999999
"Look at you, all sweet and innocent, sleeping like an angel...    with Emma's chubby little hands wrapped around ya.",neutral,neutral,-0.0697727272727272
"It's    okay, Emma, you stay asleep.",neutral,neutral,-0.0775555555555555
"It's okay, it's okay Rach, it's me. Put down the scrunchy.",neutral,neutral,-0.0836363636363636
No. Sorry.,sadness,negative,-0.288
"Sophie, would you please climb out of my butt. Why hasn’t he called, Rachel? Why?",anger,negative,-0.0282666666666666
And you’re upset because you didn’t make your best friend cry?,sadness,negative,-0.0011818181818181
Is that too much to ask after six years?!,anger,negative,-0.0777777777777777
Are-are-are Rachel and I not as close as you guys?!,anger,negative,-0.0382
Don’t I deserve a few tears?!!,sadness,negative,-0.1091666666666666
Hey!,anger,negative,-0.276
I did not cry my eyes out!!,anger,negative,-0.0894285714285714
It’s like the end of an era!,sadness,negative,-0.0877142857142857
"Yeah, y'know the ah, the girlfriend I told you about last night?",neutral,neutral,-0.0455
"Oh, I found it!",joy,positive,-0.005
"Oh, thank you.  Hey, hey.  Rachel!!!!",joy,positive,-0.0625
"Hi. Ohhh, you got my message.",neutral,neutral,-0.082
Ahhhh!!,surprise,positive,-0.2
"Ooh! I'm sorry! I think, I THINK, that may have missed the table!",joy,positive,-0.0866153846153846
"Ah,",neutral,neutral,0.0
Hey!,sadness,negative,-0.276
And that picture of Chi-Chi with her mischievous grin.,neutral,neutral,-0.0166666666666666
And what you said about Nana.,neutral,neutral,-0.0416666666666666
"Ohh, yeah she really would’ve wanted to be there.",sadness,negative,-0.0293333333333333
"So, you heard it, you repeated it, so that must mean you wrote it.",neutral,neutral,-0.0295714285714285
And monkeys can’t write out prescriptions.,neutral,neutral,-0.0383333333333333
"Your joke? Well, I think ‘the Hef’ would disagree, which is why he sent me a check for one hundred ah-dollars.",neutral,neutral,-0.003095238095238
I can’t find garbage bags!,anger,negative,-0.1656
"I don’t know! But maybe if we keep that drawer shut, it’ll die.",disgust,negative,-0.0587692307692307
You still haven’t told Rachel you weren’t really  proposing?,surprise,negative,-0.0415
I can do that.,neutral,neutral,-0.005
"Oh, by the  way.",neutral,neutral,-0.032
"Okay, umm, it's this tragic love story between Cathy and Heathcliff and umm, it takes place on like these really creepy mores in England.",sadness,negative,-0.0466666666666666
Which,neutral,neutral,0.0
"How would you characterize the theme of this book, uh let's see here , Rachel Green?",neutral,neutral,-0.0166875
What do you think? You in the blue shirt.,neutral,neutral,-0.0122222222222222
Would ya care to venture one?,neutral,neutral,-0.0196666666666666
Would,neutral,neutral,-0.146
Okay then.,neutral,neutral,-0.141
"And-and when she comes in hopefully, she won’t recognise you because, well, why would she?",neutral,neutral,-0.0143333333333333
"Uh, okay, and then you buzz Ross and I.",neutral,neutral,-0.0591111111111111
"Okay, which one of you guys is Gunther Central-Perk?  Hey, Joey?",neutral,neutral,-0.0525
Where’s my ring? My dead grandmother’s wedding ring? Where is it? Where is it?,fear,negative,-0.0268571428571428
"There was a ring, in a box, on my nightstand, after you left, it was gone!",anger,negative,-0.118875
"Wait, you guys think I stole some ring?",surprise,negative,-0.056
"Okay, who are you?",surprise,negative,-0.0585
"Look, I don’t need to steal some stupid ring, all right?",anger,negative,-0.0144545454545454
"I make $1,600 a week doing what I do; any of you guys make that?",anger,negative,-0.0142666666666666
Phoebe!,surprise,negative,0.0
Why?! Why can’t she marry me?!,surprise,negative,-0.0376666666666666
She’s not pregnant. It’s Rachel. Rachel’s the one who’s pregnant.,neutral,neutral,-0.0112
It’s Joey!,surprise,negative,0.0
"About a month ago this guy spent the night with Rachel, I didn’t see who it was but",disgust,negative,-0.0733333333333333
The guy left this.,neutral,neutral,-0.0465
"Ohh, let me see it! Let me see your hand!",surprise,positive,-0.1647
Why do you want to see my hand?,neutral,neutral,-0.06575
I wanna see what’s in your hand. I wanna see the trash.,disgust,negative,-0.10975
Me too!,joy,positive,0.0
Alright we’re back! Ten seconds left here we go! Ten! Nine! Eight! Seven!,joy,positive,-0.15
"Three, Two, One!",neutral,neutral,-0.2326666666666666
Cut!,neutral,neutral,-0.214
"I see. Y’know umm, Phoebe makes sock bunnies.",neutral,neutral,-0.240375
"No, she doesn’t.",neutral,neutral,0.0
"Uh Phoebe, what she makes—that’s uh—they’re sock rabbits.",neutral,neutral,-0.11725
Okay!,surprise,negative,-0.234
I didn’t make it!,sadness,negative,-0.01
I’m sorry!,sadness,negative,-0.288
I totally forgot about tonight and the fact that we’re supposed to,neutral,neutral,-0.0013333333333333
"Oh, it’s okay. I don’t",neutral,neutral,-0.0468
"No-no, it’s not okay!",sadness,negative,-0.0585
It’s not!,sadness,negative,0.0
I-I am going to,neutral,neutral,0.0
"Well, I did put a lot of thought in the tape.",neutral,neutral,-0.0401818181818181
Hello.,neutral,neutral,-0.034
Hi! It’s me.,sadness,negative,0.0
"Hey, what do you want to drink?",neutral,neutral,-0.0085714285714285
Who’s that?,surprise,negative,0.0
Nobody.,neutral,neutral,-0.518
Is it okay if I finish the apple juice?,neutral,neutral,-0.0959999999999999
Yeah! Got it!,anger,negative,-0.0406666666666666
"Hey, dinosaur guy, look at you, so sad. Come dance.",neutral,neutral,-0.0246
"Ah, that’s okay, thanks.",sadness,negative,-0.078
"Oh, okay.  Hey, two beers.",neutral,neutral,-0.1169999999999999
You wanna go in the bedroom? It’s a little more comfortable.,neutral,neutral,-0.0045454545454545
"Okay.  Oh wait! Umm, did you send those contracts to Milan?",surprise,positive,-0.0649999999999999
Like what?,neutral,neutral,-0.054
"Y’know, like the thing when you put the phone in your pants?",disgust,negative,-0.0672499999999999
Tag!,anger,negative,-0.25
"Rach, I’m sorry, but you didn’t give me any contracts!",surprise,negative,-0.0303999999999999
Yes I did! And I put a little,anger,negative,-0.058875
"I’m telling you, you never gave them to me.",neutral,neutral,-0.0311111111111111
"Y’know what Tag, if we went down to the office you would see those contracts sitting on your desk.",anger,negative,-0.0353684210526315
"No, I would see you looking embarrassed because they are",anger,negative,-0.0992
Or maybe you would see me looking embarrassed because you are talking on the phone with your crotch!,disgust,negative,-0.0752222222222222
You wanna go down to the office right now?,neutral,neutral,-0.0126666666666666
"No! Come on its late, we’re not gonna go down to the office.",anger,negative,-0.0644615384615384
"Hey Ross, this is one of my co-stars, Dirk.  Dirk, this    is my good friend Ross.",neutral,neutral,-0.0113
Oh and I need to talk to you.,neutral,neutral,-0.0515
About what?,neutral,neutral,0.0
"Pheebs, how’s it going?",neutral,neutral,0.0
"Nope, sound like me. Pheebs, it’s going great. Look at Chandler with little baby girl Chandler.",joy,positive,-0.0556249999999999
"Little baby girl Chandler, where I have heard that before?",neutral,neutral,-0.0939999999999999
Forgive me? You haven't been taking my calls in a week!,anger,negative,-0.0398181818181818
"Uh, what was that?",surprise,negative,0.0
"Uh,",neutral,neutral,0.0
"...I'm, I'm okay.",neutral,neutral,-0.078
"That sounds good. I'll call you- or you call me, whatever...",neutral,neutral,-0.0685454545454545
Bye.,neutral,neutral,-0.358
Whoo-hoo!,joy,positive,0.0
"Yeah, there you go!",joy,positive,-0.0584999999999999
Second date!,joy,positive,-0.35
...I dunno.,neutral,neutral,-0.115
"Well, she seems very nice and everything, but that whole thing about her coming all the way down here, just to see if I was okay?",anger,negative,-0.0007307692307692
Remember when you where a kid and your Mom would drop you off at the movies with a jar of jam and a little spoon?,neutral,neutral,-0.0989599999999999
"Hey, Phoebe.",neutral,neutral,-0.138
"Hey, oh, you know that guy who's been following me? I talked to him today.",neutral,neutral,-0.001
You talked to him. Are you crazy?,surprise,negative,-0.0458571428571428
"Now, that's trash. Young lady, you can't…  Hey! Stop that young lady, she donated trash!",anger,negative,-0.0864375
Hey!!,anger,negative,-0.276
Help!,fear,negative,-0.08
"Thank you, I need that.",joy,positive,-0.1095999999999999
Whoa!,surprise,negative,-0.25
It's nine o'clock in the morning!,surprise,negative,-0.0763333333333333
Can I help you?,neutral,neutral,-0.043
"Oh, you’re kidding me!",anger,negative,-0.0215
"Oh really? Well, maybe you and I go out for drinks?  You’re the other one right?",neutral,neutral,-0.0486470588235294
"Yeah, and it really freaked me out! And after a while I even tried to hurt you and it just spurred you on.",sadness,negative,-0.011695652173913
What?! You’re crazy! There’s nothing sexual about the noises I make!,surprise,positive,-0.0559090909090909
What are you looking at?!,anger,negative,0.0
"No, you can’t let this stop you from getting massages!",sadness,negative,-0.0802
Really?!,surprise,negative,0.0
I guess.,neutral,neutral,-0.058
"Thanks for the coffee, or bedankt voor de koffie, Gunter.",neutral,neutral,-0.0418
"Yeah, we’re done.",neutral,neutral,-0.0406666666666666
Ezel? Ezel? Ezel?,surprise,negative,0.0
"Hey Ross! Listen, do you want to go see that new Imax movie on tide pools?",joy,positive,-0.0255
"No. But I got Knicks tickets for you, me, and Chandler.",neutral,neutral,-0.0165454545454545
Sweet!,joy,positive,-0.236
"Ah, no-no-no just Ross. Ross and Joey is embarrassing enough.",disgust,negative,-0.0243999999999999
"Uh actually, sorry I can’t even make it. I’m seeing Mona again tonight.",neutral,neutral,-0.0361538461538461
I understand: who would cancel an actual date to go to a fake bachelor party?,neutral,neutral,-0.0085333333333333
I’m sorry I gotta cancel tonight baby,sadness,negative,-0.1377142857142857
"She is kidding, but don't ever disagree with her again. Okay, now I'm kidding!",joy,positive,-0.0635714285714285
"I don't know which one, but I do know I need a cigarette.",neutral,neutral,-0.05
Rachel? Do you smoke?,neutral,neutral,-0.0365
Peach pit.,neutral,neutral,-0.45
"Yes, Bunny?",neutral,neutral,-0.2645
"Peach pit. That night we, uh- we had-",neutral,neutral,-0.03225
-Peaches?,neutral,neutral,-0.456
"Actually, nectarines, but basically...",neutral,neutral,-0.037
Could've been a peach.,neutral,neutral,-0.114
"Hey, that woman's got an ass like Carol's!  What? Thought we were trying to find stuff.",joy,positive,-0.0067647058823529
Westminster Abbey!,joy,positive,-0.056
"Hands down, best Abbey I’ve ever seen.",joy,positive,-0.0377142857142857
Really? To what?,surprise,negative,0.0
To Put the Camera Away!!!,anger,negative,-0.1036
"Man,",neutral,neutral,0.0
"Y'know, I can't believe I'm getting my nails done!  And",surprise,negative,-0.0772727272727272
That’s a mailman! That’s,surprise,negative,-0.019
"Chandler, don’t worry! This doesn’t make you any less of a guy!",neutral,neutral,-0.1063333333333333
"Hey, you know who used to have nails like that?",neutral,neutral,-0.0652
Rachel?,neutral,neutral,0.0
"Do you remember when you first came here, how you spent two weeks getting trained by another waitress?",neutral,neutral,-0.0208333333333333
"Good one. Actually, ah, Terry wants you to take the training again, whenever.",neutral,neutral,-0.0027692307692307
"No, you said the baby creeps you out.",neutral,neutral,-0.046
"No, the little girl creeps me out.",anger,negative,-0.1217142857142857
You said the baby.,neutral,neutral,-0.0225
Why would the baby creep me out?,anger,negative,-0.1142857142857142
Why would the little girl creep you out?,anger,negative,-0.1604999999999999
"You guys, I’m sorry, could you please talk a little slower?",neutral,neutral,-0.1710909090909091
What?! Excuse me!,surprise,negative,-0.1213333333333333
And how none of it matters when the people really love each other.,neutral,neutral,-0.0224615384615384
"Okay, why don’t we all uh,  open our books to page 23.",neutral,neutral,-0.0109230769230769
"Okay,  umm, why don’t, why don’t you all start to read, while I—",neutral,neutral,-0.0299285714285714
What the? What,surprise,negative,0.0
Miss? May I help you?,neutral,neutral,-0.1548
"Okay look, don't...don't be mad okay?",fear,negative,-0.096
"But after I unpacked the boxes I wanted to do something nice for you, so, I-I-I cleaned the apartment.",neutral,neutral,-0.003578947368421
"So I moved everything around and then I forgot where it, where it went back and I'm sorry, I'm very sorry, I'm sorry, I'm sorry.",sadness,negative,-0.12896
"It's okay. Chandler, are you afraid of me or something?",neutral,neutral,-0.0854999999999999
Do you want me to be afraid of you?,neutral,neutral,-0.017
"I know I have this weird thing where I want everything to be in the perfect place, but I'd never expect you to worry about that.",joy,positive,-0.0239615384615384
"A Magic Eight ball?! You can't be serious, you can't make this decision with a toy!",disgust,negative,-0.072375
"Ooh, it's not a toy.",anger,negative,-0.1432
"I mean, I either keep my wife and lose one of my-my-my best friends or I keep my friend and get divorced the second time before I'm 30!",anger,negative,-0.0134285714285714
'Cause I-I got nothing!,anger,negative,-0.007
"Magic 8 Ball, should I never see Rachel again?",neutral,neutral,-0.0431111111111111
Ask again later.,neutral,neutral,-0.1319999999999999
Later is not good enough.,anger,negative,-0.0992
This is broken!,anger,negative,-0.122
It-it is broken!,anger,negative,-0.122
Excuse me.,neutral,neutral,-0.182
Are you Phoebe Buffay?,neutral,neutral,0.0
"Come on, two on one.",neutral,neutral,-0.0448
"You're like, like the anti-Paolo!",anger,negative,-0.0432
She's distraught.,neutral,neutral,-0.236
"Ohh, sweetie!  Hey, I bet you anything that he’s gonna call you again.",sadness,negative,-0.0399999999999999
"Yeah, maybe, but I don’t think I even care.",sadness,negative,-0.0325555555555555
I don’t think he’s the one I’m sad about.,sadness,negative,-0.0806666666666666
"Yeah, maybe.",sadness,negative,-0.2644999999999999
"And if she didn’t take it, and I didn’t take it; and you  didn’t take it, then who did?",anger,negative,-0.048
Shh!,anger,negative,0.0
I got in there myself once.,neutral,neutral,-0.001
It was funny ‘til I started feeling like I was in a coffin.,neutral,neutral,-0.0175384615384615
"No, you, you can’t fit in that thing. That’s not deep enough.",neutral,neutral,-0.0139999999999999
"Oh yeah?  If I can’t, I’ll knock five bucks off the price off the unit.",anger,negative,-0.0017499999999999
Okay.  See?! I told ya!,surprise,positive,-0.1073333333333333
Hey Joey!,joy,positive,-0.138
Erin! Still here!,joy,positive,-0.0793333333333333
I think I brought back half of the beach in my hair. It was so much easier when I used to shave my head.,anger,negative,-0.0735
"Awww, stop. Come on. Now go shave that head!",neutral,neutral,-0.0073333333333333
"Oh, Monica. You are not still going over that thing.",sadness,negative,-0.0193999999999999
She buys tickets for plays that I wanna see.,anger,negative,-0.0584444444444444
"She, she buys clothes from stores that I'm intimidated by the sales people.",anger,negative,-0.044
She spent three hundred dollars on art supplies.,anger,negative,-0.0084999999999999
I can't believe you would actually say that. I would much rather be Mr.Peanut than Mr.Salty.,surprise,negative,-0.033875
"I don't know, you don't wanna mess with corn nuts. They're craaazy.",neutral,neutral,-0.121
"Oh, that is so sick.",disgust,negative,-0.1359999999999999
I feel violated. And not in a good way.,disgust,negative,-0.0958888888888888
"How can people do that?...  Oh, you guys, look! Ugly Naked Guy got gravity boots!",surprise,negative,-0.028125
Nothing.,neutral,neutral,0.0
What is it? Hey!,sadness,negative,-0.057
What are you talking about alone? What about Ross?,surprise,negative,-0.0631111111111111
"Yeah, I guess so.",neutral,neutral,-0.0595
"Chandler, we said we would meet at the coffeehouse at six.",anger,negative,-0.008
We said six!,anger,negative,-0.0136666666666666
"The only way that I said six would be if the seven’s, let meet at seven, not at six.",neutral,neutral,-0.0795263157894736
Joey!,surprise,negative,0.0
"Whoa-whoa-whoa-whoa, I-I—Hey! I did",anger,negative,0.0
Oh please.,neutral,neutral,-0.071
Y’know?,neutral,neutral,0.0
"Besides, somebody had to ride in that other taxi with the rest of your luggage, and your friends don’t really seem to care too much that you’re leaving.",sadness,negative,-0.0561428571428571
"Well, we’re really not that close.  Okay, so I guess this is uh, good-bye then.",neutral,neutral,-0.0637499999999999
"On no! No! It’s not good-bye, I’m not leaving until you get on that plane.",sadness,negative,-0.0256
"Yeah, I was going for the metaphor.",neutral,neutral,-0.0199999999999999
"Plus, it was, it was probably mostly my fault, anyway.",sadness,negative,-0.0143
: Yeah!,joy,positive,-0.061
"July. Umm,",neutral,neutral,-0.21
"Yeah, I… Well I really actually wanted to say umm, that, but um, I figured I probably shouldn’t because y’know, I…have to leave.",neutral,neutral,-0.0423043478260869
Bye Phoebe.,neutral,neutral,-0.179
Ohhh!,surprise,negative,-0.322
No!,neutral,neutral,0.0
"I mean, I don’t remember much about last night, it was such a blur.",neutral,neutral,-0.0712857142857142
Oh! I remember laughing! I laughed a lot.,joy,positive,-0.0355
Tell me about it.,neutral,neutral,-0.0215
"Janice, what umm, what are you doing here?",sadness,negative,-0.034625
What’s that smell?,disgust,negative,-0.1133333333333333
"Um, okay. You just called a little while ago about needing a signature on the admissions form. Well, it turns out we need a",neutral,neutral,-0.0191666666666666
I am. I'm,neutral,neutral,0.0
"Hey, Mon, if you were hoping to sleep with Joshua the first time tonight, which one of these would you want to be wearing.",neutral,neutral,-0.0011666666666666
Y’know what? It,neutral,neutral,0.0
Sorry.,neutral,neutral,-0.576
I’m so exited!,joy,positive,0.0
I’ve been waiting for this for months!,joy,positive,-0.0611428571428571
I got my hair coloured!,joy,positive,-0.0856
I got new sheets!,joy,positive,-0.058
What am I making him by the way?,neutral,neutral,-0.015375
"Well, you’re making him a frieze salad with goat cheese and pine nuts, wild nuts, wild rice, roast asparagus, and salmon au croup.",neutral,neutral,-0.1231304347826086
I thought I was making him filet mignon?,surprise,negative,-0.049125
"And then you realised if you  bitched about it, then you  would stop cooking, and you  would have to make your famous baked potato and Diet Coke.",anger,negative,-0.0018333333333333
"Chandler! It happens to lots of guys! You-you-you were probably tired, you had a lot of champagne, don’t worry about it!",sadness,negative,-0.0638095238095238
"Y’know it’s like uh, Biology!",neutral,neutral,-0.0032
"Check it out. Okay, I can play this when the guests are coming in. Okay.",neutral,neutral,-0.0349333333333333
Phoebe!,joy,positive,0.0
"If you would’ve let me finish, it goes on to say that he’s probably not gay.",neutral,neutral,-0.0103125
You are falling fast asleep.,neutral,neutral,-0.1188
Deeper.,neutral,neutral,0.0
You are now completely asleep.,neutral,neutral,-0.0167999999999999
You don’t need to smoke.,neutral,neutral,-0.1636
"Thank you for your patience, you’re the next caller.",neutral,neutral,-0.0041111111111111
Hey! Can you take a duck and a chick to the theatre?,neutral,neutral,-0.0999999999999999
Okay. I just wanted them to hear it from somebody else.,neutral,neutral,-0.0092727272727272
"Okay, Ben, I won’t tell your daddy that you had ice cream for dinner, if you don’t tell about our little bonking incident.",fear,negative,-0.0698695652173913
You said number two.,neutral,neutral,-0.0625
I also said number one.,neutral,neutral,-0.0636
Remind me to review with you which pot is decaf and which is regular.,neutral,neutral,-0.0068571428571428
"Because, I don’t care.",neutral,neutral,0.0
I don’t care.,neutral,neutral,0.0
"I don’t care which pot is regular and which pot is decaf, I don’t care where the tray spot is, I just don’t care, this is not what I want to do.",anger,negative,-0.0205
I’m gonna give you my weeks notice.,sadness,negative,-0.0557142857142857
"Gunther, I quit.",sadness,negative,-0.008
Does this mean we’re gonna have to start paying for coffee?,surprise,negative,-0.0125454545454545
"I know.  Yeah, his name is Pat.",neutral,neutral,-0.0195
Pat the dog. Oh! Oh! I get it!!,joy,positive,-0.0215
"Umm, can I use your bathroom?",neutral,neutral,-0.1241666666666666
"Please, just a little bit off the back.",neutral,neutral,-0.147625
"I'm still on ""no.""",neutral,neutral,-0.08125
"Uh, morning. Do you guys think you could close your eyes for just a sec?",neutral,neutral,-0.0039333333333333
"Well, I sorta did a stupid thing last night.",neutral,neutral,-0.1955555555555555
What stupid thing did you do?,neutral,neutral,-0.168
Ewww!,disgust,negative,0.0
"See, yes.",neutral,neutral,-0.1465
But in very different ways.,neutral,neutral,-0.0334
Hey!,surprise,positive,-0.276
"I did! But the store wouldn’t take her back! So then I took her to the shelter, and you know what I found out?",anger,negative,-0.0082083333333333
"If they can’t find a home for her, they kill her! And I’m not gonna let that happen to little Yasmine!",anger,negative,-0.0079999999999999
"Okay, good, good, good, ‘cause, good, ‘cause I was kinda having second thoughts too.",fear,negative,-0.0057142857142857
Okay. And it’s not just chicks y'know? It’s all kinds of other animals!,disgust,negative,-0.0017692307692307
"That’s horrible! Well, you did the right thing man.",disgust,negative,-0.0128888888888888
"Thanks, I’m glad you see it that way.",joy,positive,-0.01675
"Uhh, yeah. She uh, she uh, she uh might've mentioned him.",neutral,neutral,-0.0077272727272727
Really?! That's what you heard?  You said that?,surprise,positive,-0.0144444444444444
I might've said that.  Why is that funny?,neutral,neutral,-0.0117777777777777
Hi!,sadness,negative,0.0
Fish!,surprise,negative,-0.5
"Yay, okay!",joy,positive,-0.272
Um...  Done!,neutral,neutral,-0.2063333333333333
"Okay, it’s coffee.",neutral,neutral,-0.2053333333333333
Ice coffee? Tell me it’s ice coffee!,surprise,negative,-0.282
Hot coffee!!!,surprise,negative,-0.118
You idiot!!,anger,negative,-0.4435
"What are you just some big, dumb, stupid, doofy idiot, with a doofy idiot hairdo, huh?!",anger,negative,-0.1584999999999999
"Umm, going to the beach. When it stays light real late.",neutral,neutral,-0.0254545454545454
Yeah,neutral,neutral,-0.122
"Ooh, I don’t know. Probably the smell of freshly cut grass.",neutral,neutral,-0.0577272727272727
"Ohh, that’s a good one.",joy,positive,-0.0884
"OK, try this salmon mousse.",neutral,neutral,-0.0528
Is it better than the other salmon mousse?,neutral,neutral,-0.0119999999999999
It's creamier.,neutral,neutral,0.0
"Ooh, you know, I had a grape about five hours ago, so I'd better split this with you.",neutral,neutral,-0.0486666666666666
I thought it was gonna be a closed casket.,neutral,neutral,-0.0551111111111111
I don't see why not.,neutral,neutral,-0.1896
Here's my retainer!,neutral,neutral,-0.0483333333333333
Someone in there?,neutral,neutral,-0.0226666666666666
"Jeez, man did you fall.. Hi! So ah, did ya, did-did-did ya fall high?",surprise,positive,-0.0895714285714286
"Someone was in the lady's room, I couldn’t wait. I left the lid up for ya though.",neutral,neutral,-0.036235294117647
"Y'know what Gunther, go ah, go ahead, I’m-I’m talking to ah, .  This is the part where you say your name.",neutral,neutral,-0.002590909090909
Ginger.,neutral,neutral,0.0
"Ginger. I’m talking to Ginger, so....",neutral,neutral,0.0
Don’t you have to use the bathroom?,neutral,neutral,-0.0437142857142857
"Nope, nope, I’d just ah, I’d rather talk to you.",neutral,neutral,-0.0619999999999999
"Yes, I do have to go to the bathroom.",neutral,neutral,-0.009
"Oh, my baby!",sadness,negative,-0.03
Can I get some ice here?!,sadness,negative,-0.0295
You’re not the fan who’s dying are you?,neutral,neutral,-0.0552499999999999
Who told you that?,surprise,negative,-0.0085
Which one? Was it bald or was it tall?,surprise,negative,-0.072
Yeah! Okay!  Hey! Hi!,joy,positive,-0.1264
$4.50 please.,neutral,neutral,-0.071
"Oh, let me get this.    These are for you.",neutral,neutral,-0.0008333333333333
It's been fourteen and a half minutes and you still have not said one word.,anger,negative,-0.1074
There you go!,joy,positive,-0.0373333333333333
Would you like to call somebody?,neutral,neutral,-0.0696666666666666
Oh,neutral,neutral,0.0
"Okay, very cute braces. Anyway y’know what, the",neutral,neutral,-0.032125
So when do you imagine you gave them to me? In the morning or in the afternoon?,anger,negative,-0.0110588235294117
"In the afternoon. Mr. Zelner came into my office after lunch. He put them on my desk, and then I put a",neutral,neutral,-0.0098181818181818
"Okay, well maybe not on those levels.",neutral,neutral,-0.0607142857142857
"I’m never gonna find a roommate, ever.",sadness,negative,-0.0382857142857142
"Why, nobody good?",neutral,neutral,-0.2453333333333333
"Well let’s see, there was the guy with the ferrets, that’s plural.",disgust,negative,-0.0176666666666666
The spitter.,disgust,negative,-0.1665
Two.,neutral,neutral,-0.192
"This photographer, who seemed really dull.",neutral,neutral,-0.0843333333333333
"Umm, how’s it going with you guys?",neutral,neutral,-0.0468571428571428
"Oh, really?",surprise,positive,0.0
What-what are-what are these?,surprise,negative,0.0
"No-no-no, no!",fear,negative,0.0
That’s crazy.,surprise,negative,-0.179
"Hey, Peter!",neutral,neutral,-0.138
It’s me Rhonda!,neutral,neutral,0.0
From PS-129!,neutral,neutral,0.0
I gave you my,neutral,neutral,0.0
I-I think everybody’s pretending they don’t hear you.,neutral,neutral,-0.03025
"How’s that coffee comin,’ dear?",neutral,neutral,-0.0248
"I’m not supposed to drink coffee, it makes me gassy.",neutral,neutral,-0.1108
Op.,neutral,neutral,-0.302
Eh.,joy,positive,0.0
"Oh, you got me.",neutral,neutral,0.0
How does that sound?,neutral,neutral,-0.059
No. But thanks.,neutral,neutral,-0.026
Okay. No. But thanks.,neutral,neutral,-0.078
"Okay, ah, see ya Pheebs.",neutral,neutral,-0.122
"Once you, once you betray me, I become like the ice woman, y’know.",neutral,neutral,-0.0569230769230769
"I'm, I'm really sorry.",neutral,neutral,-0.144
"Yeah, I'm sorry too. But, I gotta tell you, I am a little relieved.",neutral,neutral,-0.1125714285714285
Relieved?,surprise,positive,-0.218
Does that seem like something you can do.,anger,negative,-0.1075
Does it?!,anger,negative,-0.164
No?,surprise,negative,0.0
Yeah I guess I’ll let it go.,neutral,neutral,-0.1051428571428571
But you-you understand how-how hard it is to forget about this.,sadness,negative,-0.0014545454545454
"Oh, wait a second! I didn’t say I wasn’t free!",surprise,positive,-0.092
"Hold on, y’know I",neutral,neutral,-0.054
"Oh well, that’s uh, a little later than I uh, generally care to stay, but sure!",joy,positive,-0.0129999999999999
"Maybe, before the game we could enjoy some eight year old some small batch Basel Hadens.",neutral,neutral,-0.10325
"Yeah, save it for the cab, okay.",disgust,negative,-0.0154285714285714
For the ride.,neutral,neutral,-0.0046666666666666
"Yeah, like in a cab...",neutral,neutral,-0.0776
"Okay, hating this.",disgust,negative,-0.122
"Monica, come on now. Let's go, baby coming.",neutral,neutral,-0.048
"I can't belive it, I'm gonna be an aunt. I'm gonna have like a nephew.",joy,positive,-0.0569333333333333
"Rossy, Rossy.",neutral,neutral,0.0
"Oh, oh, a quality, good, because I was worried you guys were gonna be vague about this.",neutral,neutral,-0.0061176470588235
"Hello? Hello? Oh! Rachel, it's Paolo calling from Rome.",joy,positive,-0.0113333333333333
"So um, so what's up, you came to see me yesterday.",joy,positive,-0.1009999999999999
"Oh, yeah, um, alright, I kinda need a divorce.",neutral,neutral,-0.1685555555555555
Ben! Ben! Ben!,joy,positive,0.0
Which I'm not.,neutral,neutral,0.0
Joe...Joe...Joe...Stalin?,neutral,neutral,0.0
"Well, it does not ring a bell with me...",neutral,neutral,-0.0268888888888888
"Oh yes! Bye Bye Birdie, starring Joseph Stalin. Joseph Stalin is the Fiddler on the Roof.",joy,positive,-0.0250624999999999
"Okay, look.",neutral,neutral,-0.002
Monkey into man?,anger,negative,-0.1446666666666666
I’m not arguing with that.,neutral,neutral,0.0
You are both idiots.,disgust,negative,-0.2125
Now let it go!,anger,negative,-0.1164999999999999
The joke sucks!,anger,negative,-0.2546666666666666
It’s your joke.,neutral,neutral,-0.0363333333333333
"Hey everybody, Rachel was so good today. She didn't gossip at all.",joy,positive,-0.04625
I didn’t!,joy,positive,0.0
"Hey, Pheebs! Check-check this out.",joy,positive,-0.0552
"Ooh, you nailed the Old Lady!",surprise,positive,-0.0103333333333333
"Yeah listen so, I thought I was getting better, so on my way home today I stopped by this guitar store and",neutral,neutral,-0.0251363636363636
"Did you, did you",anger,negative,0.0
Then don't touch one!!,anger,negative,-0.1709999999999999
Thanks!,joy,positive,-0.078
Done!,joy,positive,0.0
And it can't be Joey.,neutral,neutral,-0.0896
It's not.,neutral,neutral,0.0
Or Joseph.,neutral,neutral,0.0
"Hi! Hey, Pete you’re back! Hey, check this out.",joy,positive,-0.0751111111111111
Wow! You’re a lot sturdier that Chandler. He crumpled like a piece of paper. So how was you’re trip?,surprise,positive,-0.0475263157894736
"Oh, what’d ya bring me?!",joy,positive,-0.0152
"Awww, hotel toiletries from Japan.",joy,positive,-0.1146
You want some coffee?,neutral,neutral,-0.0465
Regular or decaf?,neutral,neutral,-0.0593333333333333
So ask me what I did today.,neutral,neutral,-0.0511428571428571
So what did you do today Pete?,neutral,neutral,-0.0291428571428571
What?! Oh.,surprise,negative,0.0
Where've you been?,neutral,neutral,0.0
"She's not gonna make you wear one of those big plastic cones, is she?",fear,negative,-0.0618571428571428
So what does this mean?,neutral,neutral,-0.0176
May I come in?,neutral,neutral,-0.0985
"And um, what-what is that Ross?",neutral,neutral,-0.0951666666666666
What?! Are you crazy?,surprise,negative,-0.0895
Oh so-so you weren't trying to entice me just now with your-your nakedness?,surprise,positive,-0.0098461538461538
You weren't trying to entice me with your nakedness.,joy,positive,-0.0472222222222222
No! No!  No!  No-no-no-no.,joy,positive,0.0
Ah Joey.,neutral,neutral,0.0
Joey Tribbiani.,neutral,neutral,0.0
"Aw come on Joey, it's easy.",neutral,neutral,-0.0136666666666666
"Y'know, it's hand, hand, head, head,  up, pas de bouree, pas de bouree, big turn here, grand sissone, sissone, sissone, slide back, step, step, step, and jazz hands!",neutral,neutral,-0.0184482758620689
"It's ah, step-ity, step and jazz hands.",sadness,negative,-0.0768571428571428
"Oh, I can't believe my sperm have low motility because, let me tell you, when I was growing up they sure seem to be in a hurry to get places!",surprise,negative,-0.0159333333333333
Hi there.,neutral,neutral,0.0
"Oh, DAMN IT!",anger,negative,-0.046
"Don't worry, after a while he'll tune it out.",neutral,neutral,-0.1151111111111111
Yeah! C'mon!,joy,positive,-0.271
"Thanks. Yeah, Carol borrowed it for a class, and I have to get it back to the museum.",neutral,neutral,-0.0048888888888888
Kinda like a big face without skin.,neutral,neutral,-0.0411428571428571
"Well, you know, you have to take a course. Otherwise, they don't let you do it.",neutral,neutral,-0.022125
"Hey, hey, Yertle the Turtle. A classic.",joy,positive,-0.1084285714285714
"Actually, I'm reading it to the baby.",neutral,neutral,-0.0371428571428571
"The uh, the baby that hasn't been born yet? Wouldn't that mean you're... crazy?",surprise,positive,-0.0135714285714285
"What, you don't think they can hear sounds in there?",joy,positive,-0.0457999999999999
Put Joey on the phone.,neutral,neutral,-0.0176
I'm trppd... in an ATM vstbl... wth,fear,negative,-0.0102857142857142
"Yeah, like that thought never entered my mind.",neutral,neutral,-0.021
And then the florist phoned to say there aren’t any tulips.,neutral,neutral,-0.0541818181818181
"Oh, and the chilliest has carpel-tunel syndrome.",neutral,neutral,-0.0725714285714285
"Whoa-whoa-whoa! Emily,  honey, okay?",surprise,negative,-0.0428
Where’s Chandler?,neutral,neutral,-0.046
Joey? Joey Tribbiani?,neutral,neutral,0.0
Joey I can see you okay? You’re hiding behind the coats.,neutral,neutral,-0.1049090909090909
"Okay listen, just give me anything I can make two of.",neutral,neutral,-0.013090909090909
"Well, if you don’t have anything to copy, why are you going down there?",neutral,neutral,-0.0641428571428571
"Yeah, are you just going down there to gawk at that hot girl with the belly button ring again?",anger,negative,-0.0334736842105263
Yeah! You wanna come?,joy,positive,-0.0014999999999999
All right. We're gonna go.  It's not for another six hours. We're gonna go then.,neutral,neutral,-0.0158124999999999
Someone on the subway licked my neck! Licked my neck!!,disgust,negative,-0.0703999999999999
"Oooh, I’m afraid that does not exist.",neutral,neutral,-0.0758571428571428
"Yeah, I’m not in that.",neutral,neutral,-0.0243999999999999
"Yeah that’s great! Next to that, Chandler won’t look so stupid.",neutral,neutral,-0.0065454545454545
Chandler what do you say?,neutral,neutral,-0.0112
Gimme them!,anger,negative,0.0
You stole them from me!,anger,negative,-0.0464
You stole them from me!!,anger,negative,-0.0464
You just wanna each take one?,neutral,neutral,-0.0066666666666666
"Look, I really need some help, okay? Why? Why did I have to speak in a British accent?! What do I do?",anger,negative,-0.0412727272727272
Why don’t you phase it out?,neutral,neutral,-0.0536666666666666
They’re not listening too me?,surprise,negative,0.0
